{"divergences": {"simple_maths": {"0": {"random": [[19.075038036440674, 59.05548180639744, 102.23387908935547, 126.16876215487719], [14.958039072970791, 71.30915217101574, 94.71281063556671, 126.16876215487719]], "gradient": [13.019636058976175, 76.77055171504617, 106.7836554646492, 126.16876215487719]}, "1": {"random": [], "gradient": []}, "2": {"random": [], "gradient": []}, "3": {"random": [], "gradient": []}, "4": {"random": [], "gradient": []}, "5": {"random": [], "gradient": []}, "6": {"random": [], "gradient": []}, "7": {"random": [], "gradient": []}, "8": {"random": [], "gradient": []}, "9": {"random": [], "gradient": []}}, "syntax_and_grammar_correction": {"0": {"random": [[4.900961569070702, 25.87098958878778, 104.27640402317047, 162.72707825899124], [4.984276424705776, 67.05207781866193, 112.78603553771973, 162.72707825899124]], "gradient": [3.870760172034352, 56.665869764983654, 126.55430209636688, 162.72707825899124]}, "1": {"random": [], "gradient": []}, "2": {"random": [], "gradient": []}, "3": {"random": [], "gradient": []}, "4": {"random": [], "gradient": []}, "5": {"random": [], "gradient": []}, "6": {"random": [], "gradient": []}, "7": {"random": [], "gradient": []}, "8": {"random": [], "gradient": []}, "9": {"random": [], "gradient": []}}, "part_of_speech_tagging": {"0": {"random": [[8.127988598451338, 49.22630755370483, 126.61339792609215, 189.53841322660446], [6.020978043738069, 56.60304813378025, 140.44054347276688, 189.53841322660446]], "gradient": [21.666447189170867, 78.67142323078588, 124.58389180712402, 189.53841322660446]}, "1": {"random": [], "gradient": []}, "2": {"random": [], "gradient": []}, "3": {"random": [], "gradient": []}, "4": {"random": [], "gradient": []}, "5": {"random": [], "gradient": []}, "6": {"random": [], "gradient": []}, "7": {"random": [], "gradient": []}, "8": {"random": [], "gradient": []}, "9": {"random": [], "gradient": []}}, "basic_common_sense_reasoning": {"0": {"random": [[28.365448527038097, 68.26315766572952, 120.28408733010292, 171.39756221696734], [30.218094393610954, 76.23818531632423, 121.20916443690658, 171.39756221696734]], "gradient": [24.45257087238133, 64.37003522366285, 129.94013667106628, 171.39756221696734]}, "1": {"random": [], "gradient": []}, "2": {"random": [], "gradient": []}, "3": {"random": [], "gradient": []}, "4": {"random": [], "gradient": []}, "5": {"random": [], "gradient": []}, "6": {"random": [], "gradient": []}, "7": {"random": [], "gradient": []}, "8": {"random": [], "gradient": []}, "9": {"random": [], "gradient": []}}, "abstract_reasoning_and_creative_thinking": {"0": {"random": [[8.852163928853003, 33.907264727078655, 101.17835104465485, 207.65371668338776], [5.3733210051993865, 21.13691933735572, 99.00638675689697, 207.65371668338776]], "gradient": [8.91954324380049, 42.8372410869888, 138.09633717918769, 207.65371668338776]}, "1": {"random": [], "gradient": []}, "2": {"random": [], "gradient": []}, "3": {"random": [], "gradient": []}, "4": {"random": [], "gradient": []}, "5": {"random": [], "gradient": []}, "6": {"random": [], "gradient": []}, "7": {"random": [], "gradient": []}, "8": {"random": [], "gradient": []}, "9": {"random": [], "gradient": []}}, "emotional_intelligence_and_social_cognition": {"0": {"random": [[7.949850463250186, 28.92170516680926, 106.81643974781036, 148.06584912538528], [3.9231823584996164, 51.462801441550255, 108.6279202401638, 148.06584912538528]], "gradient": [9.997507241612766, 33.165392451919615, 111.24681263044477, 148.06584912538528]}, "1": {"random": [], "gradient": []}, "2": {"random": [], "gradient": []}, "3": {"random": [], "gradient": []}, "4": {"random": [], "gradient": []}, "5": {"random": [], "gradient": []}, "6": {"random": [], "gradient": []}, "7": {"random": [], "gradient": []}, "8": {"random": [], "gradient": []}, "9": {"random": [], "gradient": []}}}, "list_heads_ablated": [0, 40, 80, 120]}