{"divergences": {"simple_maths": {"0": {"random": [[5.371335838731056, 11.541560330661014, 43.71770815944183, 82.95416815578938, 92.22700798511505, 123.13815122842789, 126.25327742099762, 146.48429268598557], [1.3870924637552662, 16.083068562326844, 32.397848054999486, 57.83850032789633, 86.22824066877365, 107.34918460249901, 131.6088752746582, 146.48429268598557]], "gradient": [9.325168512861637, 52.71136081172153, 92.84706114418805, 111.77700144797564, 133.0813437178731, 143.07582926750183, 146.30390787124634, 146.48429268598557]}, "1": {"random": [], "gradient": []}, "2": {"random": [], "gradient": []}, "3": {"random": [], "gradient": []}, "4": {"random": [], "gradient": []}, "5": {"random": [], "gradient": []}, "6": {"random": [], "gradient": []}, "7": {"random": [], "gradient": []}, "8": {"random": [], "gradient": []}, "9": {"random": [], "gradient": []}}, "syntax_and_grammar_correction": {"0": {"random": [[3.1957344293428402, 7.59005698087276, 23.814974216278642, 60.41245627266471, 66.66657790541649, 152.97594594955444, 168.97345900535583, 177.964914560318], [2.8179858812493195, 7.017924193246586, 41.65369691229262, 46.61549828317948, 127.63874471187592, 145.62242925167084, 145.0306293964386, 177.964914560318]], "gradient": [8.953270127677797, 40.11228861939162, 62.38979834644124, 94.850879304111, 138.5178522914648, 104.34696063399315, 157.97745728492737, 177.964914560318]}, "1": {"random": [], "gradient": []}, "2": {"random": [], "gradient": []}, "3": {"random": [], "gradient": []}, "4": {"random": [], "gradient": []}, "5": {"random": [], "gradient": []}, "6": {"random": [], "gradient": []}, "7": {"random": [], "gradient": []}, "8": {"random": [], "gradient": []}, "9": {"random": [], "gradient": []}}, "part_of_speech_tagging": {"0": {"random": [[12.859569556883912, 16.037753800044584, 33.1066600647373, 55.94594516791403, 81.01417584717274, 183.26637908630073, 177.1376155614853, 173.1020302772522], [1.9036132380046524, 6.667405783915456, 22.477165927477472, 48.80986923375167, 100.75698499381542, 160.01096909493208, 171.03763404488564, 173.1020302772522]], "gradient": [10.857688651878561, 40.08923523483827, 56.34196579642594, 87.4737765789032, 125.20695298910141, 150.2511823773384, 190.98820263147354, 173.1020302772522]}, "1": {"random": [], "gradient": []}, "2": {"random": [], "gradient": []}, "3": {"random": [], "gradient": []}, "4": {"random": [], "gradient": []}, "5": {"random": [], "gradient": []}, "6": {"random": [], "gradient": []}, "7": {"random": [], "gradient": []}, "8": {"random": [], "gradient": []}, "9": {"random": [], "gradient": []}}, "basic_common_sense_reasoning": {"0": {"random": [[3.473735664195999, 4.766485820171511, 21.571236033523746, 40.264374673133716, 96.19464942067862, 133.32331830263138, 189.86600399017334, 185.1298804283142], [3.8794989412526206, 16.602455540503456, 36.73496534830815, 41.916737348248716, 194.12834227085114, 185.82959043979645, 178.322585105896, 185.1298804283142]], "gradient": [3.986966768023194, 16.79502377271706, 68.80037195174373, 116.93375615775585, 138.1089015752077, 151.7843463383615, 173.93559616804123, 185.1298804283142]}, "1": {"random": [], "gradient": []}, "2": {"random": [], "gradient": []}, "3": {"random": [], "gradient": []}, "4": {"random": [], "gradient": []}, "5": {"random": [], "gradient": []}, "6": {"random": [], "gradient": []}, "7": {"random": [], "gradient": []}, "8": {"random": [], "gradient": []}, "9": {"random": [], "gradient": []}}, "abstract_reasoning_and_creative_thinking": {"0": {"random": [[4.320463460539941, 11.684848119910384, 16.296148139593924, 27.74982439316591, 68.53962982806843, 134.0676829814911, 159.338254570961, 168.61242151260376], [4.773624889782006, 12.451410291140519, 22.810541590714422, 37.72333622862061, 60.73028876377066, 111.78371321526356, 159.94429457187653, 168.61242151260376]], "gradient": [5.1848344238118145, 24.968947249472876, 52.33670106289719, 83.72074155253358, 126.16220577410422, 135.74869502848014, 174.08616283535957, 168.61242151260376]}, "1": {"random": [], "gradient": []}, "2": {"random": [], "gradient": []}, "3": {"random": [], "gradient": []}, "4": {"random": [], "gradient": []}, "5": {"random": [], "gradient": []}, "6": {"random": [], "gradient": []}, "7": {"random": [], "gradient": []}, "8": {"random": [], "gradient": []}, "9": {"random": [], "gradient": []}}, "emotional_intelligence_and_social_cognition": {"0": {"random": [[4.148725975321668, 9.224329582906648, 10.88762260848307, 18.72265786351636, 48.25037129316479, 127.26392851769924, 158.69469356536865, 158.84919261932373], [1.678080356803548, 5.33530919380371, 10.13489861987182, 11.891284161538351, 62.55900431424379, 120.53185538947582, 145.83494359254837, 158.84919261932373]], "gradient": [3.6922877400047582, 17.99683324214857, 30.814857340519666, 53.08472025208175, 84.29795961081982, 91.1741275191307, 182.50094425678253, 158.84919261932373]}, "1": {"random": [], "gradient": []}, "2": {"random": [], "gradient": []}, "3": {"random": [], "gradient": []}, "4": {"random": [], "gradient": []}, "5": {"random": [], "gradient": []}, "6": {"random": [], "gradient": []}, "7": {"random": [], "gradient": []}, "8": {"random": [], "gradient": []}, "9": {"random": [], "gradient": []}}}, "list_heads_ablated": [0, 20, 40, 60, 80, 100, 120, 140]}